filename,label
Image_1502.jpg,Reptilia
Image_1264.jpg,Animalia
Image_1270.jpg,Animalia
Image_0608.jpg,Animalia
Image_1516.jpg,Animalia
Image_0620.jpg,Animalia
Image_1258.jpg,Arachnida
Image_0146.jpg,Amphibia
Image_0152.jpg,Animalia
Image_0634.jpg,Reptilia
Image_0807.jpg,Animalia
Image_0813.jpg,Reptilia
Image_0185.jpg,Reptilia
Image_0191.jpg,Arachnida
Image_0378.jpg,Animalia
Image_1066.jpg,Animalia
Image_1700.jpg,Reptilia
Image_1714.jpg,Reptilia
Image_1072.jpg,Arachnida
Image_0344.jpg,Reptilia
Image_0422.jpg,Animalia
Image_1728.jpg,Animalia
Image_0436.jpg,Animalia
Image_0350.jpg,Reptilia
Image_1099.jpg,Arachnida
Image_0387.jpg,Animalia
Image_1927.jpg,Arachnida
Image_1933.jpg,Animalia
Image_0393.jpg,Animalia
Image_1112.jpg,Reptilia
Image_1674.jpg,Amphibia
Image_1660.jpg,Reptilia
Image_1106.jpg,Arachnida
Image_0218.jpg,Animalia
Image_0230.jpg,Arachnida
Image_0556.jpg,Arachnida
Image_1890.jpg,Arachnida
Image_1648.jpg,Arachnida
Image_0542.jpg,Arachnida
Image_1884.jpg,Animalia
Image_0224.jpg,Reptilia
Image_0595.jpg,Reptilia
Image_1853.jpg,Animalia
Image_0581.jpg,Arachnida
Image_1847.jpg,Animalia
Image_1476.jpg,Animalia
Image_0768.jpg,Reptilia
Image_1310.jpg,Reptilia
Image_1304.jpg,Animalia
Image_1462.jpg,Animalia
Image_0754.jpg,Animalia
Image_0032.jpg,Animalia
Image_0026.jpg,Animalia
Image_1338.jpg,Animalia
Image_0998.jpg,Reptilia
Image_0740.jpg,Animalia
Image_0973.jpg,Amphibia
Image_0967.jpg,Reptilia
Image_0797.jpg,Reptilia
Image_1489.jpg,Reptilia
Image_0783.jpg,Reptilia
Image_0782.jpg,Amphibia
Image_1488.jpg,Reptilia
Image_0796.jpg,Animalia
Image_0966.jpg,Reptilia
Image_0972.jpg,Reptilia
Image_1339.jpg,Animalia
Image_0027.jpg,Reptilia
Image_0741.jpg,Reptilia
Image_0999.jpg,Animalia
Image_0755.jpg,Reptilia
Image_0033.jpg,Animalia
Image_1305.jpg,Animalia
Image_1463.jpg,Reptilia
Image_0769.jpg,Animalia
Image_1477.jpg,Amphibia
Image_1311.jpg,Reptilia
Image_1846.jpg,Reptilia
Image_0580.jpg,Animalia
Image_1852.jpg,Animalia
Image_0594.jpg,Reptilia
Image_1885.jpg,Reptilia
Image_0543.jpg,Animalia
Image_0225.jpg,Reptilia
Image_0231.jpg,Animalia
Image_1649.jpg,Animalia
Image_1891.jpg,Animalia
Image_0557.jpg,Animalia
Image_1661.jpg,Reptilia
Image_0219.jpg,Reptilia
Image_1107.jpg,Reptilia
Image_1113.jpg,Reptilia
Image_1675.jpg,Animalia
Image_1932.jpg,Animalia
Image_0392.jpg,Reptilia
Image_0386.jpg,Reptilia
Image_1098.jpg,Animalia
Image_1926.jpg,Reptilia
Image_0437.jpg,Reptilia
Image_1729.jpg,Animalia
Image_0351.jpg,Reptilia
Image_0345.jpg,Arachnida
Image_0423.jpg,Animalia
Image_1715.jpg,Animalia
Image_1073.jpg,Animalia
Image_1067.jpg,Animalia
Image_0379.jpg,Arachnida
Image_1701.jpg,Reptilia
Image_0190.jpg,Animalia
Image_0184.jpg,Reptilia
Image_0812.jpg,Reptilia
Image_0806.jpg,Reptilia
Image_0153.jpg,Animalia
Image_0635.jpg,Animalia
Image_0621.jpg,Arachnida
Image_0147.jpg,Animalia
Image_1259.jpg,Arachnida
Image_1271.jpg,Reptilia
Image_1517.jpg,Animalia
Image_0609.jpg,Animalia
Image_1503.jpg,Animalia
Image_1265.jpg,Arachnida
Image_1515.jpg,Reptilia
Image_1273.jpg,Arachnida
Image_1267.jpg,Animalia
Image_0179.jpg,Arachnida
Image_1501.jpg,Reptilia
Image_0637.jpg,Reptilia
Image_1529.jpg,Reptilia
Image_0151.jpg,Arachnida
Image_0145.jpg,Arachnida
Image_0623.jpg,Reptilia
Image_0810.jpg,Animalia
Image_0804.jpg,Animalia
Image_0192.jpg,Reptilia
Image_0186.jpg,Arachnida
Image_1298.jpg,Animalia
Image_0838.jpg,Animalia
Image_1071.jpg,Animalia
Image_1717.jpg,Reptilia
Image_0409.jpg,Animalia
Image_1703.jpg,Amphibia
Image_1065.jpg,Animalia
Image_0353.jpg,Animalia
Image_0435.jpg,Animalia
Image_0421.jpg,Animalia
Image_0347.jpg,Animalia
Image_1059.jpg,Reptilia
Image_1918.jpg,Arachnida
Image_0390.jpg,Animalia
Image_1930.jpg,Reptilia
Image_1924.jpg,Reptilia
Image_0384.jpg,Reptilia
Image_1105.jpg,Animalia
Image_1663.jpg,Animalia
Image_0569.jpg,Animalia
Image_1677.jpg,Reptilia
Image_1111.jpg,Animalia
Image_1139.jpg,Amphibia
Image_0227.jpg,Reptilia
Image_0541.jpg,Reptilia
Image_1887.jpg,Reptilia
Image_0555.jpg,Reptilia
Image_1893.jpg,Arachnida
Image_0233.jpg,Reptilia
Image_1878.jpg,Reptilia
Image_0582.jpg,Reptilia
Image_1844.jpg,Reptilia
Image_1688.jpg,Reptilia
Image_0596.jpg,Animalia
Image_1850.jpg,Arachnida
Image_1461.jpg,Reptilia
Image_0019.jpg,Reptilia
Image_1307.jpg,Reptilia
Image_1313.jpg,Animalia
Image_1475.jpg,Reptilia
Image_0743.jpg,Reptilia
Image_0025.jpg,Animalia
Image_0031.jpg,Animalia
Image_1449.jpg,Arachnida
Image_0757.jpg,Animalia
Image_0964.jpg,Amphibia
Image_0970.jpg,Animalia
Image_0780.jpg,Amphibia
Image_0958.jpg,Animalia
Image_0794.jpg,Reptilia
Image_0795.jpg,Reptilia
Image_0959.jpg,Animalia
Image_0781.jpg,Animalia
Image_0971.jpg,Animalia
Image_0965.jpg,Animalia
Image_0030.jpg,Animalia
Image_0756.jpg,Arachnida
Image_1448.jpg,Reptilia
Image_0742.jpg,Animalia
Image_0024.jpg,Reptilia
Image_1312.jpg,Arachnida
Image_1474.jpg,Reptilia
Image_1460.jpg,Arachnida
Image_1306.jpg,Animalia
Image_0018.jpg,Animalia
Image_1851.jpg,Animalia
Image_0597.jpg,Animalia
Image_1689.jpg,Arachnida
Image_1845.jpg,Animalia
Image_0583.jpg,Reptilia
Image_1879.jpg,Reptilia
Image_1892.jpg,Animalia
Image_0554.jpg,Animalia
Image_0232.jpg,Reptilia
Image_0226.jpg,Animalia
Image_1138.jpg,Animalia
Image_1886.jpg,Arachnida
Image_0540.jpg,Amphibia
Image_1676.jpg,Animalia
Image_0568.jpg,Animalia
Image_1110.jpg,Arachnida
Image_1104.jpg,Animalia
Image_1662.jpg,Animalia
Image_1925.jpg,Animalia
Image_0385.jpg,Animalia
Image_0391.jpg,Reptilia
Image_1931.jpg,Animalia
Image_1919.jpg,Reptilia
Image_0420.jpg,Animalia
Image_1058.jpg,Reptilia
Image_0346.jpg,Animalia
Image_0352.jpg,Animalia
Image_0434.jpg,Animalia
Image_1702.jpg,Arachnida
Image_1064.jpg,Reptilia
Image_1070.jpg,Animalia
Image_0408.jpg,Arachnida
Image_1716.jpg,Arachnida
Image_1299.jpg,Animalia
Image_0187.jpg,Animalia
Image_0839.jpg,Animalia
Image_0193.jpg,Animalia
Image_0805.jpg,Arachnida
Image_0811.jpg,Mollusca
Image_0144.jpg,Amphibia
Image_0622.jpg,Reptilia
Image_1528.jpg,Animalia
Image_0636.jpg,Amphibia
Image_0150.jpg,Animalia
Image_0178.jpg,Arachnida
Image_1266.jpg,Animalia
Image_1500.jpg,Animalia
Image_1514.jpg,Amphibia
Image_1272.jpg,Arachnida
Image_0154.jpg,Arachnida
Image_0632.jpg,Animalia
Image_0626.jpg,Arachnida
Image_1538.jpg,Animalia
Image_0140.jpg,Reptilia
Image_1276.jpg,Reptilia
Image_0168.jpg,Insecta
Image_1510.jpg,Animalia
Image_1504.jpg,Animalia
Image_1262.jpg,Amphibia
Image_0197.jpg,Animalia
Image_1289.jpg,Animalia
Image_0829.jpg,Animalia
Image_0183.jpg,Arachnida
Image_0815.jpg,Arachnida
Image_0801.jpg,Arachnida
Image_0430.jpg,Amphibia
Image_0356.jpg,Arachnida
Image_1048.jpg,Animalia
Image_0342.jpg,Animalia
Image_0424.jpg,Animalia
Image_1712.jpg,Animalia
Image_1074.jpg,Animalia
Image_1060.jpg,Animalia
Image_1706.jpg,Animalia
Image_0418.jpg,Arachnida
Image_1935.jpg,Animalia
Image_0395.jpg,Animalia
Image_0381.jpg,Reptilia
Image_1921.jpg,Amphibia
Image_1909.jpg,Reptilia
Image_1882.jpg,Insecta
Image_0544.jpg,Reptilia
Image_0222.jpg,Animalia
Image_1128.jpg,Animalia
Image_0236.jpg,Animalia
Image_1896.jpg,Reptilia
Image_0550.jpg,Amphibia
Image_0578.jpg,Animalia
Image_1666.jpg,Reptilia
Image_1100.jpg,Reptilia
Image_1114.jpg,Arachnida
Image_1672.jpg,Animalia
Image_1699.jpg,Animalia
Image_1841.jpg,Reptilia
Image_0587.jpg,Animalia
Image_1855.jpg,Animalia
Image_0593.jpg,Animalia
Image_1869.jpg,Animalia
Image_0020.jpg,Reptilia
Image_1458.jpg,Reptilia
Image_0746.jpg,Arachnida
Image_0752.jpg,Arachnida
Image_0034.jpg,Reptilia
Image_1302.jpg,Arachnida
Image_1464.jpg,Arachnida
Image_1470.jpg,Animalia
Image_0008.jpg,Animalia
Image_1316.jpg,Arachnida
Image_0785.jpg,Animalia
Image_0791.jpg,Reptilia
Image_0949.jpg,Animalia
Image_0961.jpg,Reptilia
Image_0975.jpg,Animalia
Image_0974.jpg,Arachnida
Image_0960.jpg,Animalia
Image_0948.jpg,Arachnida
Image_0790.jpg,Reptilia
Image_0784.jpg,Reptilia
Image_1471.jpg,Animalia
Image_1317.jpg,Animalia
Image_0009.jpg,Animalia
Image_1303.jpg,Arachnida
Image_1465.jpg,Reptilia
Image_0753.jpg,Animalia
Image_0035.jpg,Reptilia
Image_0021.jpg,Reptilia
Image_0747.jpg,Animalia
Image_1459.jpg,Reptilia
Image_1868.jpg,Animalia
Image_0592.jpg,Reptilia
Image_1854.jpg,Animalia
Image_0586.jpg,Animalia
Image_1840.jpg,Animalia
Image_1698.jpg,Reptilia
Image_1115.jpg,Animalia
Image_1673.jpg,Animalia
Image_1667.jpg,Arachnida
Image_0579.jpg,Reptilia
Image_1101.jpg,Animalia
Image_0237.jpg,Animalia
Image_1129.jpg,Arachnida
Image_0551.jpg,Reptilia
Image_1897.jpg,Amphibia
Image_0545.jpg,Reptilia
Image_1883.jpg,Animalia
Image_0223.jpg,Reptilia
Image_1908.jpg,Animalia
Image_0380.jpg,Animalia
Image_1920.jpg,Animalia
Image_1934.jpg,Animalia
Image_0394.jpg,Reptilia
Image_1061.jpg,Reptilia
Image_0419.jpg,Reptilia
Image_1707.jpg,Reptilia
Image_1713.jpg,Reptilia
Image_1075.jpg,Reptilia
Image_0343.jpg,Animalia
Image_0425.jpg,Reptilia
Image_0431.jpg,Reptilia
Image_1049.jpg,Arachnida
Image_0357.jpg,Animalia
Image_0800.jpg,Animalia
Image_0814.jpg,Animalia
Image_0182.jpg,Arachnida
Image_1288.jpg,Animalia
Image_0196.jpg,Animalia
Image_0828.jpg,Reptilia
Image_1505.jpg,Animalia
Image_1263.jpg,Arachnida
Image_0169.jpg,Reptilia
Image_1277.jpg,Animalia
Image_1511.jpg,Reptilia
Image_1539.jpg,Reptilia
Image_0627.jpg,Reptilia
Image_0141.jpg,Amphibia
Image_0155.jpg,Amphibia
Image_0633.jpg,Animalia
Image_0143.jpg,Animalia
Image_0625.jpg,Animalia
Image_0631.jpg,Arachnida
Image_1249.jpg,Animalia
Image_0157.jpg,Reptilia
Image_1261.jpg,Arachnida
Image_0619.jpg,Animalia
Image_1507.jpg,Animalia
Image_1513.jpg,Animalia
Image_1275.jpg,Amphibia
Image_0180.jpg,Amphibia
Image_0194.jpg,Animalia
Image_0802.jpg,Reptilia
Image_0816.jpg,Animalia
Image_1739.jpg,Arachnida
Image_0427.jpg,Animalia
Image_0341.jpg,Reptilia
Image_0355.jpg,Arachnida
Image_0433.jpg,Reptilia
Image_1705.jpg,Arachnida
Image_1063.jpg,Animalia
Image_0369.jpg,Arachnida
Image_1077.jpg,Amphibia
Image_1711.jpg,Animalia
Image_1922.jpg,Reptilia
Image_0382.jpg,Arachnida
Image_1088.jpg,Reptilia
Image_0396.jpg,Animalia
Image_1936.jpg,Animalia
Image_1895.jpg,Reptilia
Image_0553.jpg,Animalia
Image_0235.jpg,Animalia
Image_0221.jpg,Animalia
Image_1881.jpg,Reptilia
Image_0547.jpg,Arachnida
Image_1659.jpg,Animalia
Image_1671.jpg,Arachnida
Image_1117.jpg,Reptilia
Image_0209.jpg,Reptilia
Image_1103.jpg,Arachnida
Image_1665.jpg,Animalia
Image_1856.jpg,Animalia
Image_0590.jpg,Arachnida
Image_1842.jpg,Arachnida
Image_0584.jpg,Reptilia
Image_0037.jpg,Reptilia
Image_1329.jpg,Arachnida
Image_0989.jpg,Animalia
Image_0751.jpg,Amphibia
Image_0745.jpg,Reptilia
Image_0023.jpg,Animalia
Image_1315.jpg,Animalia
Image_1473.jpg,Animalia
Image_1467.jpg,Amphibia
Image_0779.jpg,Arachnida
Image_1301.jpg,Animalia
Image_0792.jpg,Animalia
Image_0786.jpg,Amphibia
Image_1498.jpg,Animalia
Image_0976.jpg,Reptilia
Image_0962.jpg,Animalia
Image_0963.jpg,Reptilia
Image_0977.jpg,Arachnida
Image_1499.jpg,Reptilia
Image_0787.jpg,Animalia
Image_0793.jpg,Reptilia
Image_0778.jpg,Animalia
Image_1466.jpg,Arachnida
Image_1300.jpg,Reptilia
Image_1314.jpg,Arachnida
Image_1472.jpg,Animalia
Image_0744.jpg,Reptilia
Image_0022.jpg,Animalia
Image_1328.jpg,Animalia
Image_0036.jpg,Arachnida
Image_0750.jpg,Animalia
Image_0988.jpg,Animalia
Image_0585.jpg,Animalia
Image_1843.jpg,Animalia
Image_0591.jpg,Animalia
Image_1857.jpg,Arachnida
Image_1102.jpg,Animalia
Image_1664.jpg,Animalia
Image_1670.jpg,Animalia
Image_0208.jpg,Arachnida
Image_1116.jpg,Animalia
Image_0220.jpg,Animalia
Image_1658.jpg,Insecta
Image_0546.jpg,Reptilia
Image_1880.jpg,Arachnida
Image_0552.jpg,Animalia
Image_1894.jpg,Reptilia
Image_0234.jpg,Animalia
Image_0397.jpg,Animalia
Image_1089.jpg,Animalia
Image_1937.jpg,Animalia
Image_1923.jpg,Reptilia
Image_0383.jpg,Animalia
Image_1076.jpg,Arachnida
Image_0368.jpg,Reptilia
Image_1710.jpg,Animalia
Image_1704.jpg,Animalia
Image_1062.jpg,Arachnida
Image_0354.jpg,Amphibia
Image_0432.jpg,Animalia
Image_0426.jpg,Animalia
Image_1738.jpg,Arachnida
Image_0340.jpg,Reptilia
Image_0817.jpg,Animalia
Image_0803.jpg,Animalia
Image_0195.jpg,Animalia
Image_0181.jpg,Animalia
Image_1512.jpg,Animalia
Image_1274.jpg,Arachnida
Image_1260.jpg,Arachnida
Image_1506.jpg,Reptilia
Image_0618.jpg,Arachnida
Image_0630.jpg,Animalia
Image_0156.jpg,Animalia
Image_1248.jpg,Arachnida
Image_0142.jpg,Reptilia
Image_0624.jpg,Arachnida
Image_1207.jpg,Reptilia
Image_0119.jpg,Animalia
Image_1561.jpg,Reptilia
Image_1575.jpg,Arachnida
Image_1213.jpg,Reptilia
Image_0125.jpg,Reptilia
Image_0643.jpg,Animalia
Image_0657.jpg,Reptilia
Image_1549.jpg,Animalia
Image_0131.jpg,Arachnida
Image_0864.jpg,Reptilia
Image_0870.jpg,Animalia
Image_0858.jpg,Reptilia
Image_0680.jpg,Reptilia
Image_0694.jpg,Animalia
Image_1763.jpg,Reptilia
Image_1005.jpg,Arachnida
Image_1011.jpg,Animalia
Image_1777.jpg,Reptilia
Image_0469.jpg,Reptilia
Image_1987.jpg,Animalia
Image_0441.jpg,Reptilia
Image_0327.jpg,Animalia
Image_1039.jpg,Animalia
Image_0333.jpg,Animalia
Image_1993.jpg,Reptilia
Image_0455.jpg,Reptilia
Image_1978.jpg,Amphibia
Image_1944.jpg,Reptilia
Image_0482.jpg,Amphibia
Image_1950.jpg,Amphibia
Image_0496.jpg,Animalia
Image_1788.jpg,Amphibia
Image_0509.jpg,Reptilia
Image_1617.jpg,Insecta
Image_1171.jpg,Animalia
Image_1165.jpg,Animalia
Image_1603.jpg,Arachnida
Image_0535.jpg,Animalia
Image_0253.jpg,Animalia
Image_1159.jpg,Animalia
Image_0247.jpg,Arachnida
Image_0521.jpg,Arachnida
Image_1818.jpg,Reptilia
Image_1830.jpg,Animalia
Image_0290.jpg,Animalia
Image_0284.jpg,Reptilia
Image_1824.jpg,Reptilia
Image_1373.jpg,Animalia
Image_1415.jpg,Reptilia
Image_1401.jpg,Animalia
Image_0079.jpg,Animalia
Image_1367.jpg,Animalia
Image_0051.jpg,Animalia
Image_1429.jpg,Animalia
Image_0737.jpg,Animalia
Image_0723.jpg,Animalia
Image_0045.jpg,Amphibia
Image_0910.jpg,Reptilia
Image_0904.jpg,Animalia
Image_0092.jpg,Animalia
Image_0938.jpg,Animalia
Image_1398.jpg,Animalia
Image_0086.jpg,Animalia
Image_0939.jpg,Animalia
Image_0087.jpg,Amphibia
Image_1399.jpg,Animalia
Image_0093.jpg,Animalia
Image_0905.jpg,Animalia
Image_0911.jpg,Reptilia
Image_0722.jpg,Arachnida
Image_0044.jpg,Animalia
Image_0050.jpg,Animalia
Image_0736.jpg,Arachnida
Image_1428.jpg,Animalia
Image_1400.jpg,Reptilia
Image_1366.jpg,Amphibia
Image_0078.jpg,Animalia
Image_1372.jpg,Amphibia
Image_1414.jpg,Amphibia
Image_0285.jpg,Animalia
Image_1825.jpg,Reptilia
Image_1831.jpg,Reptilia
Image_0291.jpg,Animalia
Image_1819.jpg,Reptilia
Image_0246.jpg,Animalia
Image_1158.jpg,Arachnida
Image_0520.jpg,Arachnida
Image_0534.jpg,Animalia
Image_0252.jpg,Animalia
Image_1164.jpg,Arachnida
Image_1602.jpg,Animalia
Image_1616.jpg,Reptilia
Image_0508.jpg,Arachnida
Image_1170.jpg,Reptilia
Image_1789.jpg,Animalia
Image_0497.jpg,Animalia
Image_1951.jpg,Animalia
Image_0483.jpg,Reptilia
Image_1945.jpg,Arachnida
Image_1979.jpg,Animalia
Image_0332.jpg,Reptilia
Image_0454.jpg,Arachnida
Image_1992.jpg,Reptilia
Image_0440.jpg,Animalia
Image_1986.jpg,Arachnida
Image_1038.jpg,Animalia
Image_0326.jpg,Animalia
Image_1010.jpg,Animalia
Image_0468.jpg,Arachnida
Image_1776.jpg,Animalia
Image_1762.jpg,Animalia
Image_1004.jpg,Arachnida
Image_0695.jpg,Amphibia
Image_0681.jpg,Animalia
Image_0859.jpg,Animalia
Image_0871.jpg,Arachnida
Image_0865.jpg,Amphibia
Image_1548.jpg,Reptilia
Image_0656.jpg,Reptilia
Image_0130.jpg,Reptilia
Image_0124.jpg,Animalia
Image_0642.jpg,Reptilia
Image_1574.jpg,Animalia
Image_1212.jpg,Amphibia
Image_0118.jpg,Amphibia
Image_1206.jpg,Arachnida
Image_1560.jpg,Animalia
Image_1210.jpg,Reptilia
Image_0668.jpg,Animalia
Image_1576.jpg,Animalia
Image_1562.jpg,Animalia
Image_1204.jpg,Reptilia
Image_0132.jpg,Reptilia
Image_0654.jpg,Reptilia
Image_0640.jpg,Animalia
Image_0898.jpg,Animalia
Image_1238.jpg,Arachnida
Image_0126.jpg,Reptilia
Image_0873.jpg,Animalia
Image_0867.jpg,Animalia
Image_1589.jpg,Animalia
Image_0697.jpg,Reptilia
Image_0683.jpg,Animalia
Image_1774.jpg,Animalia
Image_1012.jpg,Arachnida
Image_0318.jpg,Amphibia
Image_1006.jpg,Animalia
Image_1760.jpg,Reptilia
Image_1748.jpg,Animalia
Image_1990.jpg,Animalia
Image_0456.jpg,Animalia
Image_0330.jpg,Arachnida
Image_0324.jpg,Animalia
Image_1984.jpg,Reptilia
Image_0442.jpg,Animalia
Image_1953.jpg,Reptilia
Image_0495.jpg,Animalia
Image_1947.jpg,Animalia
Image_0481.jpg,Animalia
Image_1600.jpg,Animalia
Image_1166.jpg,Arachnida
Image_0278.jpg,Reptilia
Image_1172.jpg,Animalia
Image_1614.jpg,Animalia
Image_0522.jpg,Reptilia
Image_0244.jpg,Arachnida
Image_0250.jpg,Animalia
Image_0536.jpg,Reptilia
Image_1628.jpg,Amphibia
Image_1827.jpg,Arachnida
Image_0287.jpg,Arachnida
Image_1199.jpg,Animalia
Image_0293.jpg,Reptilia
Image_1833.jpg,Animalia
Image_1364.jpg,Animalia
Image_1402.jpg,Animalia
Image_1416.jpg,Animalia
Image_0708.jpg,Animalia
Image_1370.jpg,Arachnida
Image_0046.jpg,Amphibia
Image_1358.jpg,Reptilia
Image_0720.jpg,Reptilia
Image_0734.jpg,Animalia
Image_0052.jpg,Arachnida
Image_0907.jpg,Arachnida
Image_0913.jpg,Animalia
Image_0085.jpg,Reptilia
Image_0091.jpg,Animalia
Image_0090.jpg,Reptilia
Image_0084.jpg,Reptilia
Image_0912.jpg,Animalia
Image_0906.jpg,Reptilia
Image_0735.jpg,Arachnida
Image_0053.jpg,Reptilia
Image_1359.jpg,Reptilia
Image_0047.jpg,Amphibia
Image_0721.jpg,Animalia
Image_0709.jpg,Animalia
Image_1417.jpg,Animalia
Image_1371.jpg,Reptilia
Image_1365.jpg,Arachnida
Image_1403.jpg,Arachnida
Image_0292.jpg,Arachnida
Image_1832.jpg,Reptilia
Image_1826.jpg,Reptilia
Image_1198.jpg,Animalia
Image_0286.jpg,Animalia
Image_0251.jpg,Animalia
Image_1629.jpg,Reptilia
Image_0537.jpg,Animalia
Image_0523.jpg,Reptilia
Image_0245.jpg,Reptilia
Image_1173.jpg,Animalia
Image_1615.jpg,Arachnida
Image_1601.jpg,Animalia
Image_0279.jpg,Animalia
Image_1167.jpg,Animalia
Image_0480.jpg,Animalia
Image_1946.jpg,Reptilia
Image_0494.jpg,Reptilia
Image_1952.jpg,Reptilia
Image_0325.jpg,Animalia
Image_0443.jpg,Animalia
Image_1985.jpg,Amphibia
Image_0457.jpg,Animalia
Image_1991.jpg,Reptilia
Image_1749.jpg,Reptilia
Image_0331.jpg,Animalia
Image_1007.jpg,Animalia
Image_0319.jpg,Arachnida
Image_1761.jpg,Arachnida
Image_1775.jpg,Reptilia
Image_1013.jpg,Reptilia
Image_0682.jpg,Animalia
Image_0696.jpg,Reptilia
Image_1588.jpg,Arachnida
Image_0866.jpg,Arachnida
Image_0872.jpg,Arachnida
Image_0899.jpg,Animalia
Image_0641.jpg,Animalia
Image_0127.jpg,Animalia
Image_1239.jpg,Animalia
Image_0133.jpg,Arachnida
Image_0655.jpg,Reptilia
Image_1563.jpg,Animalia
Image_1205.jpg,Reptilia
Image_1211.jpg,Reptilia
Image_1577.jpg,Animalia
Image_0669.jpg,Animalia
Image_0651.jpg,Animalia
Image_0889.jpg,Arachnida
Image_1229.jpg,Animalia
Image_0137.jpg,Reptilia
Image_0123.jpg,Reptilia
Image_0645.jpg,Animalia
Image_1573.jpg,Arachnida
Image_1215.jpg,Animalia
Image_1201.jpg,Reptilia
Image_0679.jpg,Reptilia
Image_1567.jpg,Arachnida
Image_0692.jpg,Reptilia
Image_1598.jpg,Arachnida
Image_0686.jpg,Animalia
Image_0876.jpg,Animalia
Image_0862.jpg,Reptilia
Image_0335.jpg,Reptilia
Image_0453.jpg,Arachnida
Image_1995.jpg,Arachnida
Image_1759.jpg,Reptilia
Image_0447.jpg,Animalia
Image_1981.jpg,Reptilia
Image_0321.jpg,Reptilia
Image_0309.jpg,Reptilia
Image_1017.jpg,Reptilia
Image_1771.jpg,Reptilia
Image_1765.jpg,Animalia
Image_1003.jpg,Arachnida
Image_0490.jpg,Animalia
Image_1956.jpg,Animalia
Image_0484.jpg,Animalia
Image_1942.jpg,Reptilia
Image_0241.jpg,Arachnida
Image_0527.jpg,Animalia
Image_1639.jpg,Animalia
Image_0533.jpg,Animalia
Image_0255.jpg,Reptilia
Image_1163.jpg,Animalia
Image_1605.jpg,Reptilia
Image_1611.jpg,Animalia
Image_1177.jpg,Reptilia
Image_0269.jpg,Arachnida
Image_0282.jpg,Arachnida
Image_1822.jpg,Reptilia
Image_1836.jpg,Animalia
Image_0296.jpg,Reptilia
Image_1188.jpg,Arachnida
Image_0725.jpg,Animalia
Image_0043.jpg,Animalia
Image_0057.jpg,Animalia
Image_1349.jpg,Animalia
Image_0731.jpg,Arachnida
Image_1407.jpg,Reptilia
Image_0719.jpg,Animalia
Image_1361.jpg,Reptilia
Image_1375.jpg,Reptilia
Image_1413.jpg,Animalia
Image_0080.jpg,Arachnida
Image_0094.jpg,Animalia
Image_0902.jpg,Animalia
Image_0916.jpg,Animalia
Image_0917.jpg,Reptilia
Image_0903.jpg,Animalia
Image_0095.jpg,Reptilia
Image_0081.jpg,Animalia
Image_1374.jpg,Amphibia
Image_1412.jpg,Reptilia
Image_0718.jpg,Arachnida
Image_1406.jpg,Animalia
Image_1360.jpg,Animalia
Image_1348.jpg,Reptilia
Image_0056.jpg,Reptilia
Image_0730.jpg,Arachnida
Image_0724.jpg,Arachnida
Image_0042.jpg,Animalia
Image_1837.jpg,Animalia
Image_1189.jpg,Reptilia
Image_0297.jpg,Reptilia
Image_0283.jpg,Reptilia
Image_1823.jpg,Animalia
Image_1610.jpg,Animalia
Image_0268.jpg,Animalia
Image_1176.jpg,Animalia
Image_1162.jpg,Animalia
Image_1604.jpg,Animalia
Image_0532.jpg,Animalia
Image_0254.jpg,Animalia
Image_0240.jpg,Reptilia
Image_1638.jpg,Animalia
Image_0526.jpg,Reptilia
Image_1943.jpg,Animalia
Image_0485.jpg,Animalia
Image_1957.jpg,Arachnida
Image_0491.jpg,Animalia
Image_1764.jpg,Reptilia
Image_1002.jpg,Animalia
Image_1016.jpg,Animalia
Image_0308.jpg,Reptilia
Image_1770.jpg,Animalia
Image_1980.jpg,Animalia
Image_0446.jpg,Arachnida
Image_1758.jpg,Animalia
Image_0320.jpg,Animalia
Image_0334.jpg,Reptilia
Image_1994.jpg,Animalia
Image_0452.jpg,Reptilia
Image_0863.jpg,Animalia
Image_0877.jpg,Reptilia
Image_0687.jpg,Amphibia
Image_1599.jpg,Reptilia
Image_0693.jpg,Reptilia
Image_1200.jpg,Reptilia
Image_1566.jpg,Arachnida
Image_0678.jpg,Animalia
Image_1572.jpg,Reptilia
Image_1214.jpg,Reptilia
Image_0122.jpg,Animalia
Image_0644.jpg,Animalia
Image_0888.jpg,Reptilia
Image_0650.jpg,Mollusca
Image_0136.jpg,Animalia
Image_1228.jpg,Animalia
Image_0646.jpg,Animalia
Image_1558.jpg,Arachnida
Image_0120.jpg,Arachnida
Image_0134.jpg,Animalia
Image_0652.jpg,Arachnida
Image_1564.jpg,Arachnida
Image_1202.jpg,Reptilia
Image_1216.jpg,Animalia
Image_0108.jpg,Amphibia
Image_1570.jpg,Animalia
Image_0685.jpg,Amphibia
Image_0849.jpg,Reptilia
Image_0691.jpg,Reptilia
Image_0861.jpg,Reptilia
Image_0875.jpg,Reptilia
Image_0322.jpg,Animalia
Image_0444.jpg,Reptilia
Image_1982.jpg,Animalia
Image_0450.jpg,Reptilia
Image_1996.jpg,Arachnida
Image_0336.jpg,Reptilia
Image_1028.jpg,Arachnida
Image_1000.jpg,Reptilia
Image_1766.jpg,Arachnida
Image_0478.jpg,Reptilia
Image_1772.jpg,Arachnida
Image_1014.jpg,Reptilia
Image_0487.jpg,Animalia
Image_1941.jpg,Amphibia
Image_1799.jpg,Arachnida
Image_0493.jpg,Animalia
Image_1955.jpg,Reptilia
Image_1969.jpg,Animalia
Image_1148.jpg,Animalia
Image_0256.jpg,Arachnida
Image_0530.jpg,Arachnida
Image_0524.jpg,Animalia
Image_0242.jpg,Reptilia
Image_1174.jpg,Reptilia
Image_1612.jpg,Arachnida
Image_0518.jpg,Animalia
Image_1606.jpg,Animalia
Image_1160.jpg,Reptilia
Image_0295.jpg,Reptilia
Image_1835.jpg,Animalia
Image_1821.jpg,Reptilia
Image_0281.jpg,Amphibia
Image_1809.jpg,Arachnida
Image_0732.jpg,Arachnida
Image_0054.jpg,Reptilia
Image_0040.jpg,Animalia
Image_1438.jpg,Animalia
Image_0726.jpg,Animalia
Image_1410.jpg,Animalia
Image_0068.jpg,Reptilia
Image_1376.jpg,Animalia
Image_1362.jpg,Animalia
Image_1404.jpg,Reptilia
Image_0929.jpg,Amphibia
Image_1389.jpg,Animalia
Image_0097.jpg,Animalia
Image_0083.jpg,Reptilia
Image_0915.jpg,Animalia
Image_0901.jpg,Arachnida
Image_0900.jpg,Reptilia
Image_0914.jpg,Animalia
Image_0082.jpg,Arachnida
Image_0928.jpg,Arachnida
Image_0096.jpg,Reptilia
Image_1388.jpg,Reptilia
Image_1363.jpg,Reptilia
Image_1405.jpg,Reptilia
Image_1411.jpg,Arachnida
Image_1377.jpg,Amphibia
Image_0069.jpg,Animalia
Image_0041.jpg,Reptilia
Image_0727.jpg,Reptilia
Image_1439.jpg,Reptilia
Image_0733.jpg,Animalia
Image_0055.jpg,Reptilia
Image_1808.jpg,Arachnida
Image_1820.jpg,Arachnida
Image_0280.jpg,Animalia
Image_0294.jpg,Arachnida
Image_1834.jpg,Animalia
Image_1607.jpg,Reptilia
Image_0519.jpg,Reptilia
Image_1161.jpg,Animalia
Image_1175.jpg,Reptilia
Image_1613.jpg,Animalia
Image_0525.jpg,Animalia
Image_0243.jpg,Animalia
Image_0257.jpg,Arachnida
Image_1149.jpg,Animalia
Image_0531.jpg,Animalia
Image_1968.jpg,Animalia
Image_1954.jpg,Animalia
Image_0492.jpg,Animalia
Image_1798.jpg,Reptilia
Image_1940.jpg,Reptilia
Image_0486.jpg,Animalia
Image_1773.jpg,Animalia
Image_1015.jpg,Animalia
Image_1001.jpg,Arachnida
Image_0479.jpg,Reptilia
Image_1767.jpg,Reptilia
Image_1997.jpg,Reptilia
Image_0451.jpg,Arachnida
Image_1029.jpg,Animalia
Image_0337.jpg,Arachnida
Image_0323.jpg,Animalia
Image_1983.jpg,Amphibia
Image_0445.jpg,Animalia
Image_0874.jpg,Reptilia
Image_0860.jpg,Reptilia
Image_0690.jpg,Amphibia
Image_0848.jpg,Reptilia
Image_0684.jpg,Arachnida
Image_0109.jpg,Reptilia
Image_1217.jpg,Reptilia
Image_1571.jpg,Amphibia
Image_1565.jpg,Animalia
Image_1203.jpg,Animalia
Image_0135.jpg,Animalia
Image_0653.jpg,Animalia
Image_1559.jpg,Reptilia
Image_0647.jpg,Animalia
Image_0121.jpg,Reptilia
Image_1226.jpg,Animalia
Image_0138.jpg,Animalia
Image_0886.jpg,Reptilia
Image_1540.jpg,Arachnida
Image_0892.jpg,Reptilia
Image_1554.jpg,Arachnida
Image_1232.jpg,Arachnida
Image_0104.jpg,Arachnida
Image_0662.jpg,Arachnida
Image_0676.jpg,Animalia
Image_1568.jpg,Reptilia
Image_0110.jpg,Arachnida
Image_0845.jpg,Animalia
Image_1583.jpg,Reptilia
Image_0851.jpg,Reptilia
Image_1597.jpg,Reptilia
Image_0689.jpg,Arachnida
Image_0879.jpg,Amphibia
Image_1742.jpg,Animalia
Image_1024.jpg,Animalia
Image_1030.jpg,Animalia
Image_1756.jpg,Animalia
Image_0448.jpg,Arachnida
Image_0460.jpg,Animalia
Image_0306.jpg,Animalia
Image_1018.jpg,Reptilia
Image_0312.jpg,Animalia
Image_0474.jpg,Animalia
Image_1959.jpg,Animalia
Image_1781.jpg,Arachnida
Image_1795.jpg,Reptilia
Image_1965.jpg,Animalia
Image_1971.jpg,Animalia
Image_0528.jpg,Animalia
Image_1636.jpg,Reptilia
Image_1150.jpg,Reptilia
Image_1144.jpg,Animalia
Image_1622.jpg,Amphibia
Image_0514.jpg,Amphibia
Image_0272.jpg,Animalia
Image_1178.jpg,Amphibia
Image_0266.jpg,Animalia
Image_0500.jpg,Arachnida
Image_1193.jpg,Reptilia
Image_0299.jpg,Amphibia
Image_1187.jpg,Animalia
Image_1839.jpg,Animalia
Image_1811.jpg,Animalia
Image_1805.jpg,Amphibia
Image_1352.jpg,Arachnida
Image_1434.jpg,Arachnida
Image_1420.jpg,Reptilia
Image_0058.jpg,Amphibia
Image_1346.jpg,Reptilia
Image_0070.jpg,Reptilia
Image_1408.jpg,Animalia
Image_0716.jpg,Arachnida
Image_0702.jpg,Reptilia
Image_0064.jpg,Animalia
Image_1391.jpg,Arachnida
Image_0931.jpg,Animalia
Image_0925.jpg,Animalia
Image_1385.jpg,Animalia
Image_0919.jpg,Arachnida
Image_0918.jpg,Arachnida
Image_0924.jpg,Arachnida
Image_1384.jpg,Animalia
Image_1390.jpg,Arachnida
Image_0930.jpg,Reptilia
Image_0703.jpg,Animalia
Image_0065.jpg,Animalia
Image_0071.jpg,Reptilia
Image_0717.jpg,Animalia
Image_1409.jpg,Animalia
Image_1421.jpg,Animalia
Image_1347.jpg,Reptilia
Image_0059.jpg,Arachnida
Image_1353.jpg,Arachnida
Image_1435.jpg,Reptilia
Image_1804.jpg,Animalia
Image_1810.jpg,Animalia
Image_1186.jpg,Animalia
Image_0298.jpg,Animalia
Image_1838.jpg,Animalia
Image_1192.jpg,Animalia
Image_0267.jpg,Arachnida
Image_1179.jpg,Reptilia
Image_0501.jpg,Reptilia
Image_0515.jpg,Animalia
Image_0273.jpg,Animalia
Image_1145.jpg,Arachnida
Image_1623.jpg,Reptilia
Image_1637.jpg,Animalia
Image_0529.jpg,Arachnida
Image_1151.jpg,Animalia
Image_1970.jpg,Animalia
Image_1964.jpg,Reptilia
Image_1794.jpg,Animalia
Image_1780.jpg,Reptilia
Image_1958.jpg,Reptilia
Image_0313.jpg,Animalia
Image_0475.jpg,Animalia
Image_0461.jpg,Amphibia
Image_1019.jpg,Arachnida
Image_0307.jpg,Animalia
Image_1031.jpg,Animalia
Image_0449.jpg,Reptilia
Image_1757.jpg,Amphibia
Image_1743.jpg,Animalia
Image_1025.jpg,Reptilia
Image_0878.jpg,Arachnida
Image_0688.jpg,Amphibia
Image_1596.jpg,Animalia
Image_0850.jpg,Animalia
Image_1582.jpg,Arachnida
Image_0844.jpg,Arachnida
Image_1569.jpg,Animalia
Image_0677.jpg,Arachnida
Image_0111.jpg,Reptilia
Image_0105.jpg,Insecta
Image_0663.jpg,Animalia
Image_1555.jpg,Reptilia
Image_0893.jpg,Animalia
Image_1233.jpg,Arachnida
Image_0139.jpg,Animalia
Image_1227.jpg,Arachnida
Image_1541.jpg,Animalia
Image_0887.jpg,Reptilia
Image_1231.jpg,Reptilia
Image_0649.jpg,Reptilia
Image_0891.jpg,Arachnida
Image_1557.jpg,Animalia
Image_0885.jpg,Arachnida
Image_1543.jpg,Animalia
Image_1225.jpg,Arachnida
Image_0113.jpg,Reptilia
Image_0675.jpg,Arachnida
Image_0661.jpg,Reptilia
Image_1219.jpg,Reptilia
Image_0107.jpg,Animalia
Image_0852.jpg,Animalia
Image_1594.jpg,Reptilia
Image_0846.jpg,Reptilia
Image_1580.jpg,Arachnida
Image_1755.jpg,Amphibia
Image_1033.jpg,Amphibia
Image_0339.jpg,Insecta
Image_1027.jpg,Animalia
Image_1741.jpg,Reptilia
Image_1999.jpg,Animalia
Image_1769.jpg,Animalia
Image_0477.jpg,Reptilia
Image_0311.jpg,Reptilia
Image_0305.jpg,Reptilia
Image_0463.jpg,Animalia
Image_0488.jpg,Animalia
Image_1796.jpg,Arachnida
Image_1782.jpg,Arachnida
Image_1972.jpg,Animalia
Image_1966.jpg,Reptilia
Image_1621.jpg,Animalia
Image_1147.jpg,Reptilia
Image_0259.jpg,Reptilia
Image_1153.jpg,Arachnida
Image_1635.jpg,Reptilia
Image_0503.jpg,Animalia
Image_0265.jpg,Animalia
Image_0271.jpg,Animalia
Image_0517.jpg,Amphibia
Image_1609.jpg,Reptilia
Image_1184.jpg,Fungi
Image_1190.jpg,Arachnida
Image_1806.jpg,Arachnida
Image_1812.jpg,Arachnida
Image_1345.jpg,Animalia
Image_1423.jpg,Animalia
Image_1437.jpg,Arachnida
Image_0729.jpg,Animalia
Image_1351.jpg,Reptilia
Image_0067.jpg,Arachnida
Image_1379.jpg,Arachnida
Image_0701.jpg,Arachnida
Image_0715.jpg,Animalia
Image_0073.jpg,Amphibia
Image_1386.jpg,Arachnida
Image_0098.jpg,Animalia
Image_0926.jpg,Animalia
Image_0932.jpg,Reptilia
Image_1392.jpg,Arachnida
Image_0933.jpg,Reptilia
Image_1393.jpg,Arachnida
Image_0099.jpg,Animalia
Image_1387.jpg,Arachnida
Image_0927.jpg,Arachnida
Image_0714.jpg,Animalia
Image_0072.jpg,Animalia
Image_1378.jpg,Animalia
Image_0066.jpg,Reptilia
Image_0700.jpg,Animalia
Image_0728.jpg,Animalia
Image_1436.jpg,Arachnida
Image_1350.jpg,Reptilia
Image_1344.jpg,Arachnida
Image_1422.jpg,Reptilia
Image_1813.jpg,Animalia
Image_1807.jpg,Arachnida
Image_1191.jpg,Animalia
Image_1185.jpg,Animalia
Image_0270.jpg,Animalia
Image_1608.jpg,Reptilia
Image_0516.jpg,Reptilia
Image_0502.jpg,Animalia
Image_0264.jpg,Animalia
Image_1152.jpg,Reptilia
Image_1634.jpg,Animalia
Image_1620.jpg,Amphibia
Image_0258.jpg,Arachnida
Image_1146.jpg,Reptilia
Image_1967.jpg,Animalia
Image_1973.jpg,Reptilia
Image_1783.jpg,Animalia
Image_1797.jpg,Amphibia
Image_0489.jpg,Animalia
Image_0304.jpg,Animalia
Image_0462.jpg,Insecta
Image_0476.jpg,Animalia
Image_1768.jpg,Animalia
Image_0310.jpg,Reptilia
Image_1026.jpg,Arachnida
Image_0338.jpg,Animalia
Image_1998.jpg,Arachnida
Image_1740.jpg,Reptilia
Image_1754.jpg,Animalia
Image_1032.jpg,Animalia
Image_1581.jpg,Animalia
Image_0847.jpg,Arachnida
Image_1595.jpg,Reptilia
Image_0853.jpg,Animalia
Image_0660.jpg,Reptilia
Image_0106.jpg,Reptilia
Image_1218.jpg,Amphibia
Image_0112.jpg,Animalia
Image_0674.jpg,Arachnida
Image_1542.jpg,Animalia
Image_0884.jpg,Animalia
Image_1224.jpg,Animalia
Image_1230.jpg,Animalia
Image_1556.jpg,Animalia
Image_0890.jpg,Animalia
Image_0648.jpg,Reptilia
Image_0670.jpg,Arachnida
Image_1208.jpg,Animalia
Image_0116.jpg,Animalia
Image_0102.jpg,Animalia
Image_0664.jpg,Arachnida
Image_1552.jpg,Reptilia
Image_0894.jpg,Arachnida
Image_1234.jpg,Animalia
Image_1220.jpg,Animalia
Image_0658.jpg,Animalia
Image_1546.jpg,Reptilia
Image_0880.jpg,Reptilia
Image_1591.jpg,Mollusca
Image_0857.jpg,Reptilia
Image_1585.jpg,Animalia
Image_0843.jpg,Arachnida
Image_0314.jpg,Animalia
Image_0472.jpg,Animalia
Image_1778.jpg,Reptilia
Image_0466.jpg,Reptilia
Image_0300.jpg,Animalia
Image_0328.jpg,Reptilia
Image_1036.jpg,Reptilia
Image_1750.jpg,Reptilia
Image_1988.jpg,Arachnida
Image_1744.jpg,Reptilia
Image_1022.jpg,Animalia
Image_1977.jpg,Animalia
Image_1963.jpg,Animalia
Image_1793.jpg,Arachnida
Image_0499.jpg,Animalia
Image_1787.jpg,Animalia
Image_0260.jpg,Amphibia
Image_0506.jpg,Arachnida
Image_1618.jpg,Animalia
Image_0512.jpg,Reptilia
Image_0274.jpg,Reptilia
Image_1142.jpg,Animalia
Image_1624.jpg,Animalia
Image_1630.jpg,Reptilia
Image_1156.jpg,Reptilia
Image_0248.jpg,Animalia
Image_1803.jpg,Animalia
Image_1817.jpg,Reptilia
Image_1181.jpg,Reptilia
Image_1195.jpg,Animalia
Image_0704.jpg,Reptilia
Image_0062.jpg,Reptilia
Image_0076.jpg,Reptilia
Image_1368.jpg,Animalia
Image_0710.jpg,Reptilia
Image_1426.jpg,Arachnida
Image_0738.jpg,Animalia
Image_1340.jpg,Reptilia
Image_1354.jpg,Animalia
Image_1432.jpg,Reptilia
Image_0923.jpg,Reptilia
Image_1383.jpg,Arachnida
Image_1397.jpg,Animalia
Image_0089.jpg,Animalia
Image_0937.jpg,Arachnida
Image_0088.jpg,Animalia
Image_1396.jpg,Animalia
Image_0936.jpg,Animalia
Image_0922.jpg,Animalia
Image_1382.jpg,Arachnida
Image_1355.jpg,Animalia
Image_1433.jpg,Arachnida
Image_0739.jpg,Reptilia
Image_1427.jpg,Arachnida
Image_1341.jpg,Animalia
Image_1369.jpg,Animalia
Image_0077.jpg,Animalia
Image_0711.jpg,Arachnida
Image_0705.jpg,Reptilia
Image_0063.jpg,Reptilia
Image_1194.jpg,Animalia
Image_1180.jpg,Animalia
Image_1816.jpg,Animalia
Image_1802.jpg,Animalia
Image_1631.jpg,Reptilia
Image_0249.jpg,Reptilia
Image_1157.jpg,Arachnida
Image_1143.jpg,Reptilia
Image_1625.jpg,Animalia
Image_0513.jpg,Animalia
Image_0275.jpg,Reptilia
Image_0261.jpg,Animalia
Image_1619.jpg,Animalia
Image_0507.jpg,Reptilia
Image_1786.jpg,Arachnida
Image_0498.jpg,Arachnida
Image_1792.jpg,Arachnida
Image_1962.jpg,Reptilia
Image_1976.jpg,Animalia
Image_1745.jpg,Reptilia
Image_1023.jpg,Animalia
Image_1037.jpg,Arachnida
Image_0329.jpg,Animalia
Image_1989.jpg,Reptilia
Image_1751.jpg,Animalia
Image_0467.jpg,Reptilia
Image_1779.jpg,Reptilia
Image_0301.jpg,Animalia
Image_0315.jpg,Animalia
Image_0473.jpg,Reptilia
Image_0842.jpg,Reptilia
Image_1584.jpg,Reptilia
Image_0856.jpg,Animalia
Image_1590.jpg,Amphibia
Image_1221.jpg,Animalia
Image_0881.jpg,Animalia
Image_1547.jpg,Animalia
Image_0659.jpg,Animalia
Image_0895.jpg,Arachnida
Image_1553.jpg,Animalia
Image_1235.jpg,Reptilia
Image_0103.jpg,Reptilia
Image_0665.jpg,Arachnida
Image_0671.jpg,Animalia
Image_0117.jpg,Arachnida
Image_1209.jpg,Animalia
Image_0667.jpg,Amphibia
Image_1579.jpg,Animalia
Image_0101.jpg,Animalia
Image_0115.jpg,Animalia
Image_0673.jpg,Arachnida
Image_1545.jpg,Reptilia
Image_0883.jpg,Animalia
Image_1223.jpg,Animalia
Image_1237.jpg,Arachnida
Image_0129.jpg,Animalia
Image_1551.jpg,Animalia
Image_0897.jpg,Arachnida
Image_0868.jpg,Arachnida
Image_1586.jpg,Reptilia
Image_0840.jpg,Animalia
Image_0698.jpg,Animalia
Image_1592.jpg,Animalia
Image_0854.jpg,Animalia
Image_0303.jpg,Animalia
Image_0465.jpg,Amphibia
Image_0471.jpg,Animalia
Image_0317.jpg,Animalia
Image_1009.jpg,Animalia
Image_1021.jpg,Animalia
Image_1747.jpg,Reptilia
Image_0459.jpg,Reptilia
Image_1753.jpg,Animalia
Image_1035.jpg,Arachnida
Image_1960.jpg,Animalia
Image_1974.jpg,Animalia
Image_1784.jpg,Arachnida
Image_1948.jpg,Animalia
Image_1790.jpg,Amphibia
Image_1169.jpg,Reptilia
Image_0277.jpg,Animalia
Image_0511.jpg,Amphibia
Image_0505.jpg,Reptilia
Image_0263.jpg,Animalia
Image_1155.jpg,Amphibia
Image_1633.jpg,Reptilia
Image_0539.jpg,Animalia
Image_1627.jpg,Reptilia
Image_1141.jpg,Amphibia
Image_1814.jpg,Reptilia
Image_1800.jpg,Animalia
Image_0288.jpg,Animalia
Image_1196.jpg,Animalia
Image_1828.jpg,Animalia
Image_1182.jpg,Animalia
Image_0713.jpg,Arachnida
Image_0075.jpg,Animalia
Image_0061.jpg,Arachnida
Image_1419.jpg,Animalia
Image_0707.jpg,Arachnida
Image_1431.jpg,Animalia
Image_0049.jpg,Animalia
Image_1357.jpg,Arachnida
Image_1343.jpg,Arachnida
Image_1425.jpg,Arachnida
Image_0908.jpg,Arachnida
Image_0934.jpg,Arachnida
Image_1394.jpg,Animalia
Image_1380.jpg,Reptilia
Image_0920.jpg,Animalia
Image_1381.jpg,Reptilia
Image_0921.jpg,Animalia
Image_0935.jpg,Arachnida
Image_1395.jpg,Reptilia
Image_0909.jpg,Animalia
Image_1342.jpg,Animalia
Image_1424.jpg,Animalia
Image_1430.jpg,Animalia
Image_1356.jpg,Arachnida
Image_0048.jpg,Arachnida
Image_0060.jpg,Reptilia
Image_0706.jpg,Animalia
Image_1418.jpg,Arachnida
Image_0712.jpg,Animalia
Image_0074.jpg,Animalia
Image_1183.jpg,Arachnida
Image_1197.jpg,Arachnida
Image_0289.jpg,Animalia
Image_1829.jpg,Arachnida
Image_1801.jpg,Arachnida
Image_1815.jpg,Animalia
Image_1626.jpg,Animalia
Image_0538.jpg,Arachnida
Image_1140.jpg,Amphibia
Image_1154.jpg,Reptilia
Image_1632.jpg,Reptilia
Image_0504.jpg,Animalia
Image_0262.jpg,Arachnida
Image_0276.jpg,Arachnida
Image_1168.jpg,Reptilia
Image_0510.jpg,Animalia
Image_1791.jpg,Reptilia
Image_1949.jpg,Reptilia
Image_1785.jpg,Reptilia
Image_1975.jpg,Animalia
Image_1961.jpg,Arachnida
Image_1752.jpg,Animalia
Image_1034.jpg,Reptilia
Image_1020.jpg,Reptilia
Image_0458.jpg,Animalia
Image_1746.jpg,Animalia
Image_0470.jpg,Animalia
Image_1008.jpg,Reptilia
Image_0316.jpg,Reptilia
Image_0302.jpg,Animalia
Image_0464.jpg,Animalia
Image_0855.jpg,Animalia
Image_1593.jpg,Arachnida
Image_0699.jpg,Reptilia
Image_0841.jpg,Insecta
Image_1587.jpg,Arachnida
Image_0869.jpg,Reptilia
Image_0128.jpg,Animalia
Image_1236.jpg,Amphibia
Image_0896.jpg,Reptilia
Image_1550.jpg,Animalia
Image_0882.jpg,Animalia
Image_1544.jpg,Reptilia
Image_1222.jpg,Animalia
Image_0114.jpg,Animalia
Image_0672.jpg,Animalia
Image_1578.jpg,Arachnida
Image_0666.jpg,Reptilia
Image_0100.jpg,Reptilia
Image_1523.jpg,Animalia
Image_1245.jpg,Reptilia
Image_1251.jpg,Arachnida
Image_0629.jpg,Animalia
Image_1537.jpg,Animalia
Image_0601.jpg,Animalia
Image_1279.jpg,Reptilia
Image_0167.jpg,Animalia
Image_0173.jpg,Animalia
Image_0615.jpg,Arachnida
Image_0826.jpg,Animalia
Image_0198.jpg,Animalia
Image_1286.jpg,Arachnida
Image_1292.jpg,Amphibia
Image_0832.jpg,Animalia
Image_0359.jpg,Reptilia
Image_1047.jpg,Reptilia
Image_1721.jpg,Amphibia
Image_1735.jpg,Reptilia
Image_1053.jpg,Animalia
Image_0365.jpg,Arachnida
Image_0403.jpg,Reptilia
Image_1709.jpg,Animalia
Image_0417.jpg,Reptilia
Image_0371.jpg,Arachnida
Image_1084.jpg,Arachnida
Image_1090.jpg,Reptilia
Image_1906.jpg,Reptilia
Image_1912.jpg,Animalia
Image_1133.jpg,Animalia
Image_1655.jpg,Reptilia
Image_1899.jpg,Arachnida
Image_1641.jpg,Arachnida
Image_1127.jpg,Reptilia
Image_0239.jpg,Animalia
Image_0211.jpg,Reptilia
Image_0577.jpg,Animalia
Image_1669.jpg,Animalia
Image_0563.jpg,Arachnida
Image_0205.jpg,Animalia
Image_1696.jpg,Reptilia
Image_0588.jpg,Animalia
Image_1682.jpg,Reptilia
Image_1872.jpg,Arachnida
Image_1866.jpg,Animalia
Image_1457.jpg,Animalia
Image_0991.jpg,Animalia
Image_0749.jpg,Animalia
Image_1331.jpg,Reptilia
Image_1325.jpg,Amphibia
Image_1443.jpg,Animalia
Image_0985.jpg,Animalia
Image_0775.jpg,Arachnida
Image_0013.jpg,Animalia
Image_0007.jpg,Reptilia
Image_1319.jpg,Reptilia
Image_0761.jpg,Reptilia
Image_1494.jpg,Reptilia
Image_0952.jpg,Arachnida
Image_1480.jpg,Reptilia
Image_0946.jpg,Animalia
Image_0947.jpg,Arachnida
Image_1481.jpg,Amphibia
Image_0953.jpg,Arachnida
Image_1495.jpg,Reptilia
Image_1318.jpg,Animalia
Image_0006.jpg,Arachnida
Image_0760.jpg,Animalia
Image_0774.jpg,Animalia
Image_0012.jpg,Animalia
Image_1324.jpg,Animalia
Image_0984.jpg,Amphibia
Image_1442.jpg,Animalia
Image_0748.jpg,Reptilia
Image_0990.jpg,Reptilia
Image_1456.jpg,Amphibia
Image_1330.jpg,Animalia
Image_1867.jpg,Animalia
Image_1873.jpg,Arachnida
Image_1683.jpg,Amphibia
Image_0589.jpg,Reptilia
Image_1697.jpg,Animalia
Image_0562.jpg,Animalia
Image_0204.jpg,Reptilia
Image_0210.jpg,Animalia
Image_1668.jpg,Arachnida
Image_0576.jpg,Reptilia
Image_1640.jpg,Amphibia
Image_1898.jpg,Reptilia
Image_0238.jpg,Animalia
Image_1126.jpg,Amphibia
Image_1132.jpg,Reptilia
Image_1654.jpg,Animalia
Image_1913.jpg,Animalia
Image_1907.jpg,Animalia
Image_1091.jpg,Arachnida
Image_1085.jpg,Reptilia
Image_0416.jpg,Animalia
Image_1708.jpg,Animalia
Image_0370.jpg,Amphibia
Image_0364.jpg,Arachnida
Image_0402.jpg,Reptilia
Image_1734.jpg,Arachnida
Image_1052.jpg,Reptilia
Image_1046.jpg,Arachnida
Image_0358.jpg,Arachnida
Image_1720.jpg,Arachnida
Image_1293.jpg,Animalia
Image_0833.jpg,Arachnida
Image_0827.jpg,Animalia
Image_1287.jpg,Reptilia
Image_0199.jpg,Reptilia
Image_0172.jpg,Animalia
Image_0614.jpg,Amphibia
Image_0600.jpg,Reptilia
Image_0166.jpg,Animalia
Image_1278.jpg,Amphibia
Image_1250.jpg,Reptilia
Image_1536.jpg,Reptilia
Image_0628.jpg,Animalia
Image_1522.jpg,Arachnida
Image_1244.jpg,Reptilia
Image_1534.jpg,Amphibia
Image_1252.jpg,Arachnida
Image_1246.jpg,Arachnida
Image_0158.jpg,Arachnida
Image_1520.jpg,Animalia
Image_0616.jpg,Reptilia
Image_1508.jpg,Reptilia
Image_0170.jpg,Animalia
Image_0164.jpg,Animalia
Image_0602.jpg,Reptilia
Image_0831.jpg,Animalia
Image_1291.jpg,Reptilia
Image_1285.jpg,Animalia
Image_0825.jpg,Arachnida
Image_0819.jpg,Animalia
Image_1050.jpg,Arachnida
Image_1736.jpg,Reptilia
Image_0428.jpg,Amphibia
Image_1722.jpg,Animalia
Image_1044.jpg,Reptilia
Image_0372.jpg,Animalia
Image_0414.jpg,Fungi
Image_0400.jpg,Reptilia
Image_0366.jpg,Animalia
Image_1078.jpg,Animalia
Image_1093.jpg,Reptilia
Image_1939.jpg,Reptilia
Image_1087.jpg,Animalia
Image_0399.jpg,Amphibia
Image_1911.jpg,Animalia
Image_1905.jpg,Animalia
Image_1124.jpg,Reptilia
Image_1642.jpg,Reptilia
Image_0548.jpg,Reptilia
Image_1656.jpg,Reptilia
Image_1130.jpg,Animalia
Image_1118.jpg,Reptilia
Image_0206.jpg,Animalia
Image_0560.jpg,Reptilia
Image_0574.jpg,Amphibia
Image_0212.jpg,Reptilia
Image_1681.jpg,Reptilia
Image_1859.jpg,Reptilia
Image_1695.jpg,Arachnida
Image_1865.jpg,Reptilia
Image_1871.jpg,Reptilia
Image_1440.jpg,Reptilia
Image_0986.jpg,Animalia
Image_0038.jpg,Animalia
Image_1326.jpg,Animalia
Image_1332.jpg,Animalia
Image_1454.jpg,Arachnida
Image_0992.jpg,Reptilia
Image_0762.jpg,Animalia
Image_0004.jpg,Reptilia
Image_0010.jpg,Reptilia
Image_1468.jpg,Animalia
Image_0776.jpg,Animalia
Image_1483.jpg,Animalia
Image_0945.jpg,Reptilia
Image_0789.jpg,Animalia
Image_1497.jpg,Reptilia
Image_0951.jpg,Arachnida
Image_0979.jpg,Arachnida
Image_0978.jpg,Reptilia
Image_0950.jpg,Animalia
Image_1496.jpg,Animalia
Image_0788.jpg,Animalia
Image_0944.jpg,Animalia
Image_1482.jpg,Arachnida
Image_0011.jpg,Reptilia
Image_0777.jpg,Animalia
Image_1469.jpg,Animalia
Image_0763.jpg,Arachnida
Image_0005.jpg,Reptilia
Image_1333.jpg,Animalia
Image_0993.jpg,Animalia
Image_1455.jpg,Arachnida
Image_0987.jpg,Animalia
Image_1441.jpg,Reptilia
Image_1327.jpg,Reptilia
Image_0039.jpg,Animalia
Image_1870.jpg,Reptilia
Image_1864.jpg,Animalia
Image_1694.jpg,Reptilia
Image_1858.jpg,Arachnida
Image_1680.jpg,Arachnida
Image_0575.jpg,Reptilia
Image_0213.jpg,Reptilia
Image_0207.jpg,Arachnida
Image_1119.jpg,Arachnida
Image_0561.jpg,Reptilia
Image_1657.jpg,Arachnida
Image_0549.jpg,Reptilia
Image_1131.jpg,Arachnida
Image_1125.jpg,Arachnida
Image_1643.jpg,Reptilia
Image_1904.jpg,Animalia
Image_1910.jpg,Reptilia
Image_1938.jpg,Reptilia
Image_0398.jpg,Amphibia
Image_1086.jpg,Animalia
Image_1092.jpg,Reptilia
Image_0401.jpg,Animalia
Image_1079.jpg,Reptilia
Image_0367.jpg,Amphibia
Image_0373.jpg,Animalia
Image_0415.jpg,Animalia
Image_1723.jpg,Reptilia
Image_1045.jpg,Reptilia
Image_1051.jpg,Mollusca
Image_0429.jpg,Reptilia
Image_1737.jpg,Reptilia
Image_0818.jpg,Animalia
Image_1284.jpg,Animalia
Image_0824.jpg,Animalia
Image_0830.jpg,Reptilia
Image_1290.jpg,Animalia
Image_0165.jpg,Animalia
Image_0603.jpg,Animalia
Image_1509.jpg,Animalia
Image_0617.jpg,Reptilia
Image_2000.jpg,Reptilia
Image_0171.jpg,Arachnida
Image_0159.jpg,Arachnida
Image_1247.jpg,Arachnida
Image_1521.jpg,Reptilia
Image_1535.jpg,Animalia
Image_1253.jpg,Arachnida
Image_0175.jpg,Animalia
Image_0613.jpg,Animalia
Image_0607.jpg,Animalia
Image_1519.jpg,Animalia
Image_0161.jpg,Arachnida
Image_1257.jpg,Reptilia
Image_0149.jpg,Animalia
Image_1531.jpg,Reptilia
Image_1525.jpg,Amphibia
Image_1243.jpg,Animalia
Image_0808.jpg,Reptilia
Image_1294.jpg,Reptilia
Image_0834.jpg,Arachnida
Image_0820.jpg,Arachnida
Image_1280.jpg,Reptilia
Image_0411.jpg,Reptilia
Image_0377.jpg,Reptilia
Image_1069.jpg,Animalia
Image_0363.jpg,Amphibia
Image_0405.jpg,Arachnida
Image_1733.jpg,Reptilia
Image_1055.jpg,Animalia
Image_1041.jpg,Reptilia
Image_1727.jpg,Reptilia
Image_0439.jpg,Reptilia
Image_1914.jpg,Animalia
Image_1900.jpg,Reptilia
Image_1928.jpg,Reptilia
Image_1096.jpg,Animalia
Image_0388.jpg,Animalia
Image_1082.jpg,Reptilia
Image_0565.jpg,Animalia
Image_0203.jpg,Animalia
Image_1109.jpg,Reptilia
Image_0217.jpg,Reptilia
Image_0571.jpg,Animalia
Image_0559.jpg,Amphibia
Image_1647.jpg,Animalia
Image_1121.jpg,Animalia
Image_1135.jpg,Animalia
Image_1653.jpg,Reptilia
Image_1860.jpg,Arachnida
Image_1874.jpg,Animalia
Image_1684.jpg,Animalia
Image_1690.jpg,Arachnida
Image_1848.jpg,Reptilia
Image_0001.jpg,Arachnida
Image_1479.jpg,Animalia
Image_0767.jpg,Reptilia
Image_0773.jpg,Animalia
Image_0015.jpg,Arachnida
Image_1323.jpg,Arachnida
Image_0983.jpg,Animalia
Image_1445.jpg,Animalia
Image_0997.jpg,Insecta
Image_1451.jpg,Reptilia
Image_0029.jpg,Reptilia
Image_1337.jpg,Reptilia
Image_0968.jpg,Reptilia
Image_0798.jpg,Arachnida
Image_0940.jpg,Reptilia
Image_1486.jpg,Reptilia
Image_0954.jpg,Reptilia
Image_1492.jpg,Reptilia
Image_1493.jpg,Amphibia
Image_0955.jpg,Arachnida
Image_1487.jpg,Animalia
Image_0941.jpg,Animalia
Image_0799.jpg,Animalia
Image_0969.jpg,Reptilia
Image_1450.jpg,Animalia
Image_0996.jpg,Arachnida
Image_1336.jpg,Arachnida
Image_0028.jpg,Reptilia
Image_1322.jpg,Reptilia
Image_1444.jpg,Reptilia
Image_0982.jpg,Arachnida
Image_0772.jpg,Reptilia
Image_0014.jpg,Reptilia
Image_0766.jpg,Animalia
Image_1478.jpg,Reptilia
Image_1849.jpg,Animalia
Image_1691.jpg,Reptilia
Image_1685.jpg,Animalia
Image_1875.jpg,Arachnida
Image_1861.jpg,Animalia
Image_1134.jpg,Arachnida
Image_1652.jpg,Arachnida
Image_1646.jpg,Reptilia
Image_0558.jpg,Animalia
Image_1120.jpg,Animalia
Image_0216.jpg,Animalia
Image_1108.jpg,Arachnida
Image_0570.jpg,Arachnida
Image_0564.jpg,Animalia
Image_0202.jpg,Animalia
Image_1083.jpg,Animalia
Image_1929.jpg,Arachnida
Image_0389.jpg,Reptilia
Image_1097.jpg,Reptilia
Image_1901.jpg,Arachnida
Image_1915.jpg,Animalia
Image_1040.jpg,Arachnida
Image_0438.jpg,Reptilia
Image_1726.jpg,Animalia
Image_1732.jpg,Reptilia
Image_1054.jpg,Reptilia
Image_0362.jpg,Reptilia
Image_0404.jpg,Animalia
Image_0410.jpg,Reptilia
Image_1068.jpg,Arachnida
Image_0376.jpg,Reptilia
Image_0821.jpg,Reptilia
Image_1281.jpg,Arachnida
Image_1295.jpg,Reptilia
Image_0835.jpg,Animalia
Image_0809.jpg,Animalia
Image_1524.jpg,Animalia
Image_1242.jpg,Arachnida
Image_0148.jpg,Reptilia
Image_1256.jpg,Animalia
Image_1530.jpg,Amphibia
Image_1518.jpg,Animalia
Image_0606.jpg,Reptilia
Image_0160.jpg,Animalia
Image_0174.jpg,Reptilia
Image_0612.jpg,Animalia
Image_0162.jpg,Arachnida
Image_0604.jpg,Reptilia
Image_0610.jpg,Amphibia
Image_1268.jpg,Amphibia
Image_0176.jpg,Reptilia
Image_1240.jpg,Animalia
Image_0638.jpg,Amphibia
Image_1526.jpg,Reptilia
Image_1532.jpg,Reptilia
Image_1254.jpg,Animalia
Image_1283.jpg,Animalia
Image_0823.jpg,Animalia
Image_0837.jpg,Reptilia
Image_0189.jpg,Reptilia
Image_1297.jpg,Reptilia
Image_1718.jpg,Arachnida
Image_0406.jpg,Reptilia
Image_0360.jpg,Animalia
Image_0374.jpg,Arachnida
Image_0412.jpg,Arachnida
Image_1724.jpg,Animalia
Image_1042.jpg,Reptilia
Image_0348.jpg,Reptilia
Image_1056.jpg,Animalia
Image_1730.jpg,Animalia
Image_1903.jpg,Arachnida
Image_1917.jpg,Reptilia
Image_1081.jpg,Arachnida
Image_1095.jpg,Animalia
Image_0572.jpg,Reptilia
Image_0214.jpg,Animalia
Image_0200.jpg,Reptilia
Image_0566.jpg,Reptilia
Image_1678.jpg,Reptilia
Image_1888.jpg,Reptilia
Image_1650.jpg,Animalia
Image_1136.jpg,Animalia
Image_0228.jpg,Animalia
Image_1122.jpg,Reptilia
Image_1644.jpg,Animalia
Image_1877.jpg,Animalia
Image_1863.jpg,Arachnida
Image_1693.jpg,Arachnida
Image_1687.jpg,Animalia
Image_0599.jpg,Animalia
Image_0016.jpg,Animalia
Image_1308.jpg,Arachnida
Image_0770.jpg,Animalia
Image_0764.jpg,Reptilia
Image_0002.jpg,Animalia
Image_1334.jpg,Animalia
Image_0994.jpg,Animalia
Image_1452.jpg,Animalia
Image_0980.jpg,Animalia
Image_1446.jpg,Animalia
Image_0758.jpg,Animalia
Image_1320.jpg,Animalia
Image_0957.jpg,Arachnida
Image_1491.jpg,Reptilia
Image_0943.jpg,Animalia
Image_1485.jpg,Animalia
Image_1484.jpg,Reptilia
Image_0942.jpg,Animalia
Image_1490.jpg,Reptilia
Image_0956.jpg,Reptilia
Image_0759.jpg,Arachnida
Image_1447.jpg,Animalia
Image_0981.jpg,Animalia
Image_1321.jpg,Reptilia
Image_1335.jpg,Reptilia
Image_1453.jpg,Arachnida
Image_0995.jpg,Reptilia
Image_0765.jpg,Animalia
Image_0003.jpg,Insecta
Image_1309.jpg,Reptilia
Image_0017.jpg,Animalia
Image_0771.jpg,Reptilia
Image_0598.jpg,Arachnida
Image_1686.jpg,Reptilia
Image_1692.jpg,Animalia
Image_1862.jpg,Animalia
Image_1876.jpg,Animalia
Image_1123.jpg,Reptilia
Image_1645.jpg,Amphibia
Image_1651.jpg,Animalia
Image_1889.jpg,Reptilia
Image_0229.jpg,Animalia
Image_1137.jpg,Animalia
Image_0201.jpg,Arachnida
Image_1679.jpg,Reptilia
Image_0567.jpg,Animalia
Image_0573.jpg,Animalia
Image_0215.jpg,Animalia
Image_1094.jpg,Animalia
Image_1080.jpg,Arachnida
Image_1916.jpg,Animalia
Image_1902.jpg,Reptilia
Image_1057.jpg,Reptilia
Image_0349.jpg,Reptilia
Image_1731.jpg,Animalia
Image_1725.jpg,Reptilia
Image_1043.jpg,Reptilia
Image_0375.jpg,Animalia
Image_0413.jpg,Animalia
Image_0407.jpg,Animalia
Image_1719.jpg,Animalia
Image_0361.jpg,Reptilia
Image_0836.jpg,Arachnida
Image_1296.jpg,Animalia
Image_0188.jpg,Reptilia
Image_1282.jpg,Animalia
Image_0822.jpg,Arachnida
Image_1533.jpg,Animalia
Image_1255.jpg,Arachnida
Image_1241.jpg,Animalia
Image_1527.jpg,Reptilia
Image_0639.jpg,Reptilia
Image_0611.jpg,Amphibia
Image_0177.jpg,Animalia
Image_1269.jpg,Arachnida
Image_0163.jpg,Animalia
Image_0605.jpg,Arachnida
